--
-- Script was generated by Devart dbForge Studio for MySQL, Version 10.0.150.0
-- Product home page: http://www.devart.com/dbforge/mysql/studio
-- Script date 03-04-2024 17:29:33
-- Server version: 8.0.35
--

--
-- Disable foreign keys
--
/*!40014 SET @OLD_FOREIGN_KEY_CHECKS=@@FOREIGN_KEY_CHECKS, FOREIGN_KEY_CHECKS=0 */;

--
-- Set SQL mode
--
/*!40101 SET @OLD_SQL_MODE=@@SQL_MODE, SQL_MODE='NO_AUTO_VALUE_ON_ZERO' */;

--
-- Set character set the client will use to send SQL statements to the server
--
SET NAMES 'utf8';

--
-- Set default database
--
USE QCDev;

--
-- Drop table `ApprovalStatus`
--
DROP TABLE IF EXISTS ApprovalStatus;

--
-- Drop procedure `spAddSolarCell`
--
DROP PROCEDURE IF EXISTS spAddSolarCell;

--
-- Drop table `IQCSolar`
--
DROP TABLE IF EXISTS IQCSolar;

--
-- Drop table `Rejected`
--
DROP TABLE IF EXISTS Rejected;

--
-- Drop table `IQCSolarDetails`
--
DROP TABLE IF EXISTS IQCSolarDetails;

--
-- Drop table `JobCard`
--
DROP TABLE IF EXISTS JobCard;

--
-- Drop table `JobCardDetails`
--
DROP TABLE IF EXISTS JobCardDetails;

--
-- Drop procedure `PersonRegister`
--
DROP PROCEDURE IF EXISTS PersonRegister;

--
-- Drop table `Person`
--
DROP TABLE IF EXISTS Person;

--
-- Drop table `Department`
--
DROP TABLE IF EXISTS Department;

--
-- Drop table `Designation`
--
DROP TABLE IF EXISTS Designation;

--
-- Drop table `WorkLocation`
--
DROP TABLE IF EXISTS WorkLocation;

--
-- Set default database
--
USE QCDev;

--
-- Create table `WorkLocation`
--
CREATE TABLE WorkLocation (
  LocationID varchar(255) NOT NULL,
  Location varchar(55) DEFAULT NULL,
  PRIMARY KEY (LocationID)
)
ENGINE = INNODB,
AVG_ROW_LENGTH = 5461,
CHARACTER SET utf8mb4,
COLLATE utf8mb4_0900_ai_ci,
ROW_FORMAT = DYNAMIC;

--
-- Create table `Designation`
--
CREATE TABLE Designation (
  DesignationID varchar(255) NOT NULL,
  Designation varchar(155) DEFAULT NULL,
  PRIMARY KEY (DesignationID)
)
ENGINE = INNODB,
AVG_ROW_LENGTH = 8192,
CHARACTER SET utf8mb4,
COLLATE utf8mb4_0900_ai_ci,
ROW_FORMAT = DYNAMIC;

--
-- Create index `DesignationID` on table `Designation`
--
ALTER TABLE Designation
ADD UNIQUE INDEX DesignationID (DesignationID);

--
-- Create table `Department`
--
CREATE TABLE Department (
  DepartmentID varchar(255) NOT NULL,
  Department varchar(155) DEFAULT NULL,
  PRIMARY KEY (DepartmentID)
)
ENGINE = INNODB,
AVG_ROW_LENGTH = 5461,
CHARACTER SET utf8mb4,
COLLATE utf8mb4_0900_ai_ci,
ROW_FORMAT = DYNAMIC;

--
-- Create table `Person`
--
CREATE TABLE Person (
  PersonID varchar(255) NOT NULL,
  EmployeeID varchar(255) DEFAULT NULL,
  Name varchar(50) DEFAULT NULL,
  LoginID varchar(55) DEFAULT NULL,
  Password varchar(155) DEFAULT NULL,
  WorkLocation varchar(55) DEFAULT NULL,
  Email varchar(50) DEFAULT NULL,
  Department varchar(55) DEFAULT NULL,
  ProfileImg varchar(255) DEFAULT NULL,
  Desgination varchar(55) DEFAULT NULL,
  PRIMARY KEY (PersonID)
)
ENGINE = INNODB,
AVG_ROW_LENGTH = 16384,
CHARACTER SET utf8mb4,
COLLATE utf8mb4_0900_ai_ci,
ROW_FORMAT = DYNAMIC;

--
-- Create index `EmployeeID` on table `Person`
--
ALTER TABLE Person
ADD UNIQUE INDEX EmployeeID (EmployeeID);

--
-- Create index `LoginID` on table `Person`
--
ALTER TABLE Person
ADD UNIQUE INDEX LoginID (LoginID);

--
-- Create foreign key
--
ALTER TABLE Person
ADD CONSTRAINT fk_Department FOREIGN KEY (Department)
REFERENCES Department (DepartmentID);

--
-- Create foreign key
--
ALTER TABLE Person
ADD CONSTRAINT fk_Designation FOREIGN KEY (Desgination)
REFERENCES Designation (DesignationID);

--
-- Create foreign key
--
ALTER TABLE Person
ADD CONSTRAINT fk_WorkLocation FOREIGN KEY (WorkLocation)
REFERENCES WorkLocation (LocationID);

DELIMITER $$

--
-- Create procedure `PersonRegister`
--
CREATE
DEFINER = 'admin'@'%'
PROCEDURE PersonRegister (pPersonid varchar(155),
pEmployeeId varchar(55),
pName varchar(55),
pLoginID varchar(55),
pPassword varchar(55),
pWorkLocation varchar(55),
pEmail varchar(55),
pDepartment varchar(55),
pProfileImg varchar(155),
pDesignation varchar(55))
BEGIN
  DECLARE vPersonID varchar(155);
  SET vPersonID = UUID();

  INSERT INTO Person (PersonID, EmployeeID, Name, LoginID, Password, WorkLocation, Email, Department, ProfileImg, Desgination)
    VALUES (vPersonID, pEmployeeId, pName, pLoginID, pPassword, pWorkLocation, pEmail, pDepartment, pProfileImg, pDesignation);


  SELECT
    vPersonID;
END
$$

DELIMITER ;

--
-- Create table `JobCardDetails`
--
CREATE TABLE JobCardDetails (
  JobCardDetailID varchar(255) NOT NULL,
  DocNo varchar(155) DEFAULT NULL,
  RevisionNo varchar(155) DEFAULT NULL,
  RevisonDate varchar(155) DEFAULT NULL,
  ModuleType varchar(155) DEFAULT NULL,
  ModuleNo varchar(155) DEFAULT NULL,
  Date varchar(155) DEFAULT NULL,
  MatrixSize varchar(155) DEFAULT NULL,
  ReferencePdf varchar(255) DEFAULT NULL,
  Status varchar(255) DEFAULT NULL,
  CreatedBy varchar(255) DEFAULT NULL,
  UpdatedBy varchar(255) DEFAULT NULL,
  CreatedOn varchar(255) DEFAULT NULL,
  UpdatedOn varchar(255) DEFAULT NULL,
  PRIMARY KEY (JobCardDetailID)
)
ENGINE = INNODB,
AVG_ROW_LENGTH = 8192,
CHARACTER SET utf8mb4,
COLLATE utf8mb4_0900_ai_ci,
ROW_FORMAT = DYNAMIC;

--
-- Create foreign key
--
ALTER TABLE JobCardDetails
ADD CONSTRAINT JD_PersonId FOREIGN KEY (CreatedBy)
REFERENCES Person (PersonID);

--
-- Create table `JobCard`
--
CREATE TABLE JobCard (
  JobCardID varchar(155) DEFAULT NULL,
  JobCardDetailID varchar(255) DEFAULT NULL,
  Process varchar(255) DEFAULT NULL,
  EmployeeId varchar(255) DEFAULT NULL,
  Description varchar(255) DEFAULT NULL,
  Comments varchar(255) DEFAULT NULL,
  CreatedOn varchar(255) DEFAULT NULL,
  UpdatedOn varchar(255) DEFAULT NULL
)
ENGINE = INNODB,
AVG_ROW_LENGTH = 910,
CHARACTER SET utf8mb4,
COLLATE utf8mb4_0900_ai_ci,
ROW_FORMAT = DYNAMIC;

--
-- Create foreign key
--
ALTER TABLE JobCard
ADD CONSTRAINT nk_JobCardDetail FOREIGN KEY (JobCardDetailID)
REFERENCES JobCardDetails (JobCardDetailID);

--
-- Create table `IQCSolarDetails`
--
CREATE TABLE IQCSolarDetails (
  SolarDetailID varchar(255) NOT NULL,
  LotSize varchar(255) DEFAULT NULL,
  MaterialName varchar(255) DEFAULT NULL,
  SupplierName varchar(55) DEFAULT NULL,
  QuantityRecd varchar(55) DEFAULT NULL,
  InvoiceDate varchar(55) DEFAULT NULL,
  SupplierRMBatchNo varchar(255) DEFAULT NULL,
  RawMaterialSpecs varchar(255) DEFAULT NULL,
  QualityCheckDate varchar(55) DEFAULT NULL,
  SampleQuantityCheck varchar(55) DEFAULT NULL,
  InvoiceNo varchar(55) DEFAULT NULL,
  ReceiptDate varchar(55) DEFAULT NULL,
  DocumentNo varchar(155) DEFAULT NULL,
  RevisionNo varchar(155) DEFAULT NULL,
  CheckedBy varchar(255) DEFAULT NULL,
  Status varchar(155) NOT NULL,
  COCPdf varchar(255) DEFAULT NULL,
  InvoicePdf varchar(255) DEFAULT NULL,
  UpdatedBy varchar(255) DEFAULT NULL,
  CreatedDate varchar(155) DEFAULT NULL,
  UpdatedDate varchar(255) DEFAULT NULL,
  PRIMARY KEY (SolarDetailID)
)
ENGINE = INNODB,
AVG_ROW_LENGTH = 4096,
CHARACTER SET utf8mb4,
COLLATE utf8mb4_0900_ai_ci,
ROW_FORMAT = DYNAMIC;

--
-- Create index `fk_ApprovedBy` on table `IQCSolarDetails`
--
ALTER TABLE IQCSolarDetails
ADD INDEX fk_ApprovedBy (UpdatedBy);

--
-- Create foreign key
--
ALTER TABLE IQCSolarDetails
ADD CONSTRAINT fk_CheckedBy FOREIGN KEY (CheckedBy)
REFERENCES Person (PersonID);

--
-- Create table `Rejected`
--
CREATE TABLE Rejected (
  RejectedID varchar(255) DEFAULT NULL,
  SolarDetailID varchar(255) DEFAULT NULL,
  CheckTypes varchar(555) DEFAULT NULL,
  Reason varchar(255) DEFAULT NULL,
  Result varchar(55) DEFAULT NULL,
  CreatedDate varchar(255) DEFAULT NULL,
  UpdatedDate varchar(255) DEFAULT NULL
)
ENGINE = INNODB,
AVG_ROW_LENGTH = 5461,
CHARACTER SET utf8mb4,
COLLATE utf8mb4_0900_ai_ci,
ROW_FORMAT = DYNAMIC;

--
-- Create index `ReasonID` on table `Rejected`
--
ALTER TABLE Rejected
ADD UNIQUE INDEX ReasonID (RejectedID);

--
-- Create index `ReasonID_2` on table `Rejected`
--
ALTER TABLE Rejected
ADD UNIQUE INDEX ReasonID_2 (RejectedID);

--
-- Create foreign key
--
ALTER TABLE Rejected
ADD CONSTRAINT fk_SolarDetailID FOREIGN KEY (SolarDetailID)
REFERENCES IQCSolarDetails (SolarDetailID);

--
-- Create table `IQCSolar`
--
CREATE TABLE IQCSolar (
  IQCSolarID varchar(255) DEFAULT NULL,
  SolarDetailID varchar(155) DEFAULT NULL,
  CheckType varchar(155) DEFAULT NULL,
  Characterstics varchar(255) DEFAULT NULL,
  MeasuringMethod varchar(255) DEFAULT NULL,
  Sampling varchar(255) DEFAULT NULL,
  Reference varchar(155) DEFAULT NULL,
  AcceptanceCriteria varchar(255) DEFAULT NULL,
  SampleSize varchar(255) DEFAULT NULL,
  Samples longtext DEFAULT NULL,
  CreatedDate varchar(255) DEFAULT NULL,
  UpdatedDate varchar(255) DEFAULT NULL
)
ENGINE = INNODB,
AVG_ROW_LENGTH = 910,
CHARACTER SET utf8mb4,
COLLATE utf8mb4_0900_ai_ci,
ROW_FORMAT = DYNAMIC;

--
-- Create foreign key
--
ALTER TABLE IQCSolar
ADD CONSTRAINT nk_SolarDetailID FOREIGN KEY (SolarDetailID)
REFERENCES IQCSolarDetails (SolarDetailID);

DELIMITER $$

--
-- Create procedure `spAddSolarCell`
--
CREATE
DEFINER = 'admin'@'%'
PROCEDURE spAddSolarCell (pLotSize int, pSupplierName varchar(55), pQuantityRecd varchar(155), pInvoiceDate varchar(55), pRMDetails varchar(255),
pQualityCheckDate varchar(55), pSampleQuantityCheck varchar(55), pInvoiceNo varchar(55), pRecieptDate varchar(55),
pDocumentNo varchar(55), pRevisionNo varchar(155), pCheckedBy varchar(155), pCheckType varchar(255),
pCharterstics varchar(255), pMeasuringMethod varchar(255), pSampling varchar(255), pReference varchar(155),
pAcceptanceCriteria varchar(255), pSamples varchar(255), pRejectionReason varchar(255))
BEGIN
  DECLARE vSolarDetailID varchar(155);
  DECLARE vDate date;
  DECLARE vRejectionReason varchar(255);

  SET vSolarDetailID = UUID();
  SET vDate = CURDATE();
  SET vRejectionReason = pRejectionReason;

  -- inserting Values into IQCSolarDetails Table
  INSERT INTO IQCSolarDetails (SolarDetailID, LotSize, SupplierName, QuantityRecd, InvoiceDate, RMDetails, QualityCheckDate, SampleQuantityCheck, InvoiceNo, ReceiptDate, DocumentNo, RevisionNo, CheckedBy, CreatedDate)
    VALUES (vSolarDetailID, pLotSize, pSupplierName, pQuantityRecd, pInvoiceDate, pRMDetails, pQualityCheckDate, pSampleQuantityCheck, pInvoiceNo, pRecieptDate, pDocumentNo, pRevisionNo, pCheckedBy, vDate);

  -- inserting Values into IQCSolar Table
  INSERT INTO IQCSolar (IQCSolarID, SolarDetailID, CheckType, Characterstics, MeasuringMethod, Sampling, Reference, AcceptanceCriteria, Samples, CreatedDate)
    VALUES (UUID(), vSolarDetailID, pCheckType, pCharterstics, pMeasuringMethod, pSampling, pReference, pAcceptanceCriteria, pSamples, vDate);

  -- inserting Values into Rejected Table
  INSERT INTO Rejected (RejectedID, SolarDetailID, RejectionReason, CreatedDate)
    VALUES (UUID(), vSolarDetailID, vRejectionReason, vDate);

END
$$

DELIMITER ;

--
-- Create table `ApprovalStatus`
--
CREATE TABLE ApprovalStatus (
  SolarDetailID varchar(255) DEFAULT NULL,
  ApprovalStatusID varchar(255) NOT NULL,
  Status varchar(255) DEFAULT NULL,
  Reason varchar(255) DEFAULT NULL,
  CreatedBy varchar(255) DEFAULT NULL,
  CreatedOn varchar(255) DEFAULT NULL,
  UpdatedOn varchar(255) DEFAULT NULL,
  PRIMARY KEY (ApprovalStatusID)
)
ENGINE = INNODB,
CHARACTER SET utf8mb4,
COLLATE utf8mb4_0900_ai_ci,
ROW_FORMAT = DYNAMIC;

--
-- Create foreign key
--
ALTER TABLE ApprovalStatus
ADD CONSTRAINT fk_ApprovalCreated FOREIGN KEY (CreatedBy)
REFERENCES Person (PersonID);

--
-- Create foreign key
--
ALTER TABLE ApprovalStatus
ADD CONSTRAINT fk_ApprovalSolarDetailID FOREIGN KEY (SolarDetailID)
REFERENCES IQCSolarDetails (SolarDetailID);

-- 
-- Dumping data for table WorkLocation
--
INSERT INTO WorkLocation VALUES
('fc9c8db9-e817-11ee-b439-0ac93defbbf1', 'Unit1'),
('fc9c906b-e817-11ee-b439-0ac93defbbf1', 'Unit2'),
('fc9c9178-e817-11ee-b439-0ac93defbbf1', 'Unit3');

-- 
-- Dumping data for table Designation
--
INSERT INTO Designation VALUES
('1af9d9f7-e817-11ee-b439-0ac93defbbf1', 'QC'),
('d66d6ab7-e2ab-11ee-974e-12d6db81f661', 'Admin'),
('d66db440-e2ab-11ee-974e-12d6db81f661', 'Super Admin');

-- 
-- Dumping data for table Department
--
INSERT INTO Department VALUES
('84949eb1-e816-11ee-b439-0ac93defbbf1', 'IQCP'),
('849684af-e816-11ee-b439-0ac93defbbf1', 'FQCP'),
('849b50dd-e816-11ee-b439-0ac93defbbf1', 'IPQC');

-- 
-- Dumping data for table Person
--
INSERT INTO Person VALUES
('08326670-ed04-11ee-b439-0ac93defbbf1', 'Emp003', 'Bhanu', 'QCM', 'Bhanu@3813', 'fc9c8db9-e817-11ee-b439-0ac93defbbf1', 'krishukumar7827@gmail.com', '84949eb1-e816-11ee-b439-0ac93defbbf1', 'https://qcm-project-bucket.s3.ap-south-1.amazonaws.com/08326670-ed04-11ee-b439-0ac93defbbf1', 'd66db440-e2ab-11ee-974e-12d6db81f661'),
('5a114928-e8f3-11ee-b439-0ac93defbbf1', 'Emp001', 'Test', 'QCM2', 'Test@3547', 'fc9c9178-e817-11ee-b439-0ac93defbbf1', 'krishukumar7827@gmail.com', '84949eb1-e816-11ee-b439-0ac93defbbf1', 'https://qcm-project-bucket.s3.ap-south-1.amazonaws.com/5a114928-e8f3-11ee-b439-0ac93defbbf1', '1af9d9f7-e817-11ee-b439-0ac93defbbf1'),
('897d6163-e82b-11ee-b439-0ac93defbbf1', 'em1', 'Neha Sharma ', 'QCM1', 'Neha@5273', 'fc9c8db9-e817-11ee-b439-0ac93defbbf1', 'krishukumar7827@gmail.com', '84949eb1-e816-11ee-b439-0ac93defbbf1', 'https://qcm-project-bucket.s3.ap-south-1.amazonaws.com/897d6163-e82b-11ee-b439-0ac93defbbf1', 'd66db440-e2ab-11ee-974e-12d6db81f661');

-- 
-- Dumping data for table JobCardDetails
--
INSERT INTO JobCardDetails VALUES
('131942f6-d812-4190-9b04-aea5c931ee52', 'GSPL/IPQC/BM/024', '1.0', '12.08.2023', '', '', '', '', NULL, 'Inprogress', '897d6163-e82b-11ee-b439-0ac93defbbf1', '', '02-04-2024 11:44:25', ''),
('6ce8f975-0ce3-4e40-a115-b75ff0b6b94b', 'GSPL/IPQC/BM/024', '1.0', '12.08.2023', '', '', '', '', NULL, 'Inprogress', '897d6163-e82b-11ee-b439-0ac93defbbf1', '', '02-04-2024 11:44:09', ''),
('89de93fc-03ae-4e33-bca8-b784d0b921d2', 'GSPL/IPQC/BM/024', '1.0', '12.08.2023', '23', '45', 'Tue Apr 02, 2024', '', 'https://qcm-pdf-project-bucket.s3.ap-south-1.amazonaws.com/89de93fc-03ae-4e33-bca8-b784d0b921d2_Krishna-Kumar-Resume.pdf', 'Inprogress', '897d6163-e82b-11ee-b439-0ac93defbbf1', '', '02-04-2024 12:51:24', ''),
('913bccee-f9dc-4a0e-bac7-5f07f2dfddca', 'GSPL/IPQC/BM/024', '1.0', '12.08.2023', '', '', '', '', NULL, 'Inprogress', '897d6163-e82b-11ee-b439-0ac93defbbf1', '', '02-04-2024 11:44:54', ''),
('9e4e0dd9-9af3-42fa-948f-97c32f8432e9', 'GSPL/IPQC/BM/024', '1.0', '12.08.2023', '556', '', 'Tue Apr 02, 2024', '', NULL, 'Inprogress', '897d6163-e82b-11ee-b439-0ac93defbbf1', '', '02-04-2024 11:49:49', ''),
('a6b3b385-9dc1-4202-aead-f1378c2f09c8', 'GSPL/IPQC/BM/024', '1.0', '12.08.2023', 'hywy', 'ftts', 'Wed Apr 03, 2024', 'dftt', 'https://qcm-pdf-project-bucket.s3.ap-south-1.amazonaws.com/a6b3b385-9dc1-4202-aead-f1378c2f09c8_be9003b7-45fa-4b09-891f-61242d5721c9_1b98cf5d-9553-4f2f-bf85-42bceb8b5ded_Diwali.pdf1711775668442621.pdf1711794510775493.pdf1712123994196700.pdf', 'Pending', '897d6163-e82b-11ee-b439-0ac93defbbf1', '', '03-04-2024 05:59:54', ''),
('beb018d7-05e1-4a12-81d6-56eb9ee4eb96', 'GSPL/IPQC/BM/024', '1.0', '12.08.2023', '', '', '', '', NULL, 'Inprogress', '897d6163-e82b-11ee-b439-0ac93defbbf1', '', '02-04-2024 16:16:58', ''),
('de5a7d19-4b3a-495f-9901-539237017e5a', 'GSPL/IPQC/BM/024', '1.0', '12.08.2023', 'fjj', '3578', 'Tue Apr 02, 2024', 'gjlk', 'https://qcm-pdf-project-bucket.s3.ap-south-1.amazonaws.com/de5a7d19-4b3a-495f-9901-539237017e5a_be9003b7-45fa-4b09-891f-61242d5721c9_1b98cf5d-9553-4f2f-bf85-42bceb8b5ded_Diwali.pdf1711775668442621.pdf1711794510775493.pdf1712058805785175.pdf', 'Pending', '897d6163-e82b-11ee-b439-0ac93defbbf1', '', '02-04-2024 11:53:26', ''),
('ef6e9169-2752-4c2f-aa90-a3e095af540c', 'GSPL/IPQC/BM/024', '1.0', '12.08.2023', '', '', 'Tue Apr 02, 2024', '', NULL, 'Inprogress', '897d6163-e82b-11ee-b439-0ac93defbbf1', '', '02-04-2024 12:09:20', ''),
('fca29b45-d787-47be-a418-204b5eb743b8', 'GSPL/IPQC/BM/024', '1.0', '12.08.2023', '23', '45', 'Tue Apr 02, 2024', '', NULL, 'Inprogress', '897d6163-e82b-11ee-b439-0ac93defbbf1', '', '02-04-2024 12:51:07', '');

-- 
-- Dumping data for table IQCSolarDetails
--
INSERT INTO IQCSolarDetails VALUES
('4603e44c-00f2-4b33-b208-5863eab326c8', '1', 'Solar Cell', 'ttt', '', '2024-04-03', '222', 'fff', '2024-04-03', '', 'G000127', '2024-04-03', 'GSPL/SC(IQC)/001', 'Ver2.0/13-03-2024', '897d6163-e82b-11ee-b439-0ac93defbbf1', 'Pending', 'https://qcm-pdf-project-bucket.s3.ap-south-1.amazonaws.com/4603e44c-00f2-4b33-b208-5863eab326c8_50CommonInterviewQuestionsandAnswers.pdf1712136290940243.pdf', 'https://qcm-pdf-project-bucket.s3.ap-south-1.amazonaws.com/4603e44c-00f2-4b33-b208-5863eab326c8_50CommonInterviewQuestionsandAnswers%20%283%29.pdf1712136290940243.pdf', '', '03-04-2024 09:24:50', ''),
('75e61f5a-95b1-4683-b340-c217bee8533a', '11', 'Solar Glass', 'rrr', '', '2024-04-03', '222', 'eee', '2024-04-03', '', 'yyy', '2024-04-03', 'GSPL/SC(IQC)/001', 'Ver2.0/13-03-2024', '897d6163-e82b-11ee-b439-0ac93defbbf1', 'Pending', 'https://qcm-pdf-project-bucket.s3.ap-south-1.amazonaws.com/75e61f5a-95b1-4683-b340-c217bee8533a_50CommonInterviewQuestionsandAnswers%20%281%29.pdf1712135442599990.pdf', 'https://qcm-pdf-project-bucket.s3.ap-south-1.amazonaws.com/75e61f5a-95b1-4683-b340-c217bee8533a_50CommonInterviewQuestionsandAnswers%20%283%29.pdf1712135442599990.pdf', '', '03-04-2024 09:10:42', ''),
('94c65a75-caa7-4d7c-aea9-eec2bd471f27', '33', 'Solar Glass', 'Vikas Entertainment ', '', '2024-04-03', '99', 'gg', '2024-04-03', '', 'V001278', '2024-04-03', 'GSPL/SC(IQC)/001', 'Ver2.0/13-03-2024', '08326670-ed04-11ee-b439-0ac93defbbf1', 'Inprogress', NULL, NULL, '', '03-04-2024 10:09:10', '');

-- 
-- Dumping data for table Rejected
--
INSERT INTO Rejected VALUES
('75d4c4bf-0259-4cfc-a0ed-0bd4271c41fc', '4603e44c-00f2-4b33-b208-5863eab326c8', '[{"Packaging":false},{"Visual":false},{"Physical":false},{"FrontBus":false},{"Verification":false},{"Electrical":false},{"Performance":false}]', '', 'Pass', '03-04-2024 09:24:52', ''),
('8592b7eb-9cf3-45e9-880e-c46b05824f10', '75e61f5a-95b1-4683-b340-c217bee8533a', '[{"Packaging":false},{"Visual":true},{"Physical":false},{"FrontBus":false},{"Verification":false},{"Electrical":true}]', 'test', 'Fail', '03-04-2024 09:10:44', ''),
('7e25c457-2808-4b5d-bedc-58756e827340', '94c65a75-caa7-4d7c-aea9-eec2bd471f27', '[{"Packaging":false},{"Visual":false},{"Physical":false},{"FrontBus":false},{"Verification":false},{"Electrical":false}]', '', 'Fail', '03-04-2024 10:09:12', '');

-- 
-- Dumping data for table JobCard
--
INSERT INTO JobCard VALUES
('861caee0-036a-4548-808c-d6efbc53e561', 'fca29b45-d787-47be-a418-204b5eb743b8', 'Glass Washing', '897d6163-e82b-11ee-b439-0ac93defbbf1', '{"Lot_No":"","size":""}', '54w65', '02-04-2024 12:51:07', ''),
('8d2b76db-bbad-4c5d-9706-f133489f06fa', 'fca29b45-d787-47be-a418-204b5eb743b8', 'Tabbing & Stringing', '897d6163-e82b-11ee-b439-0ac93defbbf1', '{"Cell_Lot_No":"","Cell_Type":"43534","Cell_Size":"788","Cell_Eff":"hgjgh","Interconnect_Ribbon_Size":"","Busbar_Size":"jgjh","Flux":"hgj"}', 'jhgjh', '02-04-2024 12:51:07', ''),
('7e26d1a0-383e-49b2-8a7f-2910e26f4fc4', 'fca29b45-d787-47be-a418-204b5eb743b8', 'Foil cutterr', '897d6163-e82b-11ee-b439-0ac93defbbf1', '{"EVA_Lot_No":"","EVA_Size":"","Backsheet_Lot":"w5y5w564","Backsheet_size":"54435"}', '435345', '02-04-2024 12:51:07', ''),
('9de0e1bf-95b9-4ddd-be87-d3a530b22b7a', 'fca29b45-d787-47be-a418-204b5eb743b8', 'Bussing/InterConnection', '897d6163-e82b-11ee-b439-0ac93defbbf1', '{"Cell_To_Cell_Gap":"jhgj","String_To_String_Gap":"","Soldering_Temp":""}', '', '02-04-2024 12:51:07', ''),
('df892734-d5c4-4d98-ac6b-cfc08f2ca1ed', 'fca29b45-d787-47be-a418-204b5eb743b8', 'Edge Triming', '897d6163-e82b-11ee-b439-0ac93defbbf1', '{"BackSheet_Cutting":null}', 'jfgjh', '02-04-2024 12:51:07', ''),
('c9f40a2c-a307-43c4-a2f8-e2d9ef4d97bf', 'fca29b45-d787-47be-a418-204b5eb743b8', 'Visual Inspection & Laminator', '897d6163-e82b-11ee-b439-0ac93defbbf1', '{"Temperature":"","Cycle_Time":"","Laminate_Quality":true}', 'hgfjgf', '02-04-2024 12:51:07', ''),
('2a155c91-6340-4df6-83ae-23fe73d0152f', 'fca29b45-d787-47be-a418-204b5eb743b8', 'Framing', '897d6163-e82b-11ee-b439-0ac93defbbf1', '{"Frame_Type":"jtyyt","Frame_Size":"","Silicon_Glue_Lot_No":""}', 'jgjh', '02-04-2024 12:51:07', ''),
('1bd5ba1e-8dc6-4abd-9d69-0e96e95dc62d', 'fca29b45-d787-47be-a418-204b5eb743b8', 'J/B Assembly', '897d6163-e82b-11ee-b439-0ac93defbbf1', '{"JB_Lot_No":"","JB_Type":"","Silicon_Glue_Lot_No":""}', 'ghjhgmbv', '02-04-2024 12:51:08', ''),
('3f45e38f-4e1a-4bd6-810c-4608faa0d55c', 'fca29b45-d787-47be-a418-204b5eb743b8', 'Sun Simulator', '897d6163-e82b-11ee-b439-0ac93defbbf1', '{"Pmax":""}', '', '02-04-2024 12:51:08', ''),
('bea5c8c1-8895-4816-bc9b-65aa9be2d447', '89de93fc-03ae-4e33-bca8-b784d0b921d2', 'Glass Washing', '897d6163-e82b-11ee-b439-0ac93defbbf1', '{"Lot_No":"","size":""}', '54w65', '02-04-2024 12:51:24', ''),
('440f43ec-be51-42eb-a368-5bac4308e857', '89de93fc-03ae-4e33-bca8-b784d0b921d2', 'Foil cutterr', '897d6163-e82b-11ee-b439-0ac93defbbf1', '{"EVA_Lot_No":"","EVA_Size":"","Backsheet_Lot":"w5y5w564","Backsheet_size":"54435"}', '435345', '02-04-2024 12:51:24', ''),
('1c1cf3cd-eadb-4ff1-8665-82d5b6773392', '89de93fc-03ae-4e33-bca8-b784d0b921d2', 'Tabbing & Stringing', '897d6163-e82b-11ee-b439-0ac93defbbf1', '{"Cell_Lot_No":"","Cell_Type":"43534","Cell_Size":"788","Cell_Eff":"hgjgh","Interconnect_Ribbon_Size":"","Busbar_Size":"jgjh","Flux":"hgj"}', 'jhgjh', '02-04-2024 12:51:24', ''),
('fcccea23-1723-4678-adac-6c3059bf3b2a', '89de93fc-03ae-4e33-bca8-b784d0b921d2', 'Edge Triming', '897d6163-e82b-11ee-b439-0ac93defbbf1', '{"BackSheet_Cutting":null}', 'jfgjh', '02-04-2024 12:51:24', ''),
('e5a440de-f1d2-4a8a-91bb-40675b4f9c72', '89de93fc-03ae-4e33-bca8-b784d0b921d2', 'Framing', '897d6163-e82b-11ee-b439-0ac93defbbf1', '{"Frame_Type":"jtyyt","Frame_Size":"","Silicon_Glue_Lot_No":""}', 'jgjh', '02-04-2024 12:51:24', ''),
('b5f87cca-00ce-4cfd-a575-71c34c1686b9', '89de93fc-03ae-4e33-bca8-b784d0b921d2', 'Bussing/InterConnection', '897d6163-e82b-11ee-b439-0ac93defbbf1', '{"Cell_To_Cell_Gap":"jhgj","String_To_String_Gap":"","Soldering_Temp":""}', '', '02-04-2024 12:51:24', ''),
('b97468ae-c468-4b82-a004-48174473de18', '89de93fc-03ae-4e33-bca8-b784d0b921d2', 'Visual Inspection & Laminator', '897d6163-e82b-11ee-b439-0ac93defbbf1', '{"Temperature":"","Cycle_Time":"","Laminate_Quality":true}', 'hgfjgf', '02-04-2024 12:51:24', ''),
('2498f69e-dc87-4211-9f1a-738a9981585c', '89de93fc-03ae-4e33-bca8-b784d0b921d2', 'J/B Assembly', '897d6163-e82b-11ee-b439-0ac93defbbf1', '{"JB_Lot_No":"","JB_Type":"","Silicon_Glue_Lot_No":""}', 'ghjhgmbv', '02-04-2024 12:51:24', ''),
('f106c135-7fe4-4784-8598-6ebba758fc20', '89de93fc-03ae-4e33-bca8-b784d0b921d2', 'Sun Simulator', '897d6163-e82b-11ee-b439-0ac93defbbf1', '{"Pmax":""}', '', '02-04-2024 12:51:24', ''),
('88876d35-e181-4f98-a5f8-341e5afc26b1', '6ce8f975-0ce3-4e40-a115-b75ff0b6b94b', 'Glass Washing', '897d6163-e82b-11ee-b439-0ac93defbbf1', '{"Lot_No":"","size":""}', '', '02-04-2024 11:44:09', ''),
('43d47c80-e4c0-4cfc-a9c3-99fcbbc2f2bb', '6ce8f975-0ce3-4e40-a115-b75ff0b6b94b', 'Bussing/InterConnection', '897d6163-e82b-11ee-b439-0ac93defbbf1', '{"Cell_To_Cell_Gap":"","String_To_String_Gap":"","Soldering_Temp":""}', '', '02-04-2024 11:44:09', ''),
('5bfc5d24-0599-466c-826d-e089ccddd63c', '6ce8f975-0ce3-4e40-a115-b75ff0b6b94b', 'Visual Inspection & Laminator', '897d6163-e82b-11ee-b439-0ac93defbbf1', '{"Temperature":"","Cycle_Time":"","Laminate_Quality":null}', '', '02-04-2024 11:44:09', ''),
('63c03582-8151-49a8-8d48-2daed769bb80', '6ce8f975-0ce3-4e40-a115-b75ff0b6b94b', 'Edge Triming', '897d6163-e82b-11ee-b439-0ac93defbbf1', '{"BackSheet_Cutting":null}', '', '02-04-2024 11:44:09', ''),
('7b8ad9c4-e4a9-4b33-aa87-8ef48e75e2c3', '6ce8f975-0ce3-4e40-a115-b75ff0b6b94b', 'J/B Assembly', '897d6163-e82b-11ee-b439-0ac93defbbf1', '{"JB_Lot_No":"","JB_Type":"","Silicon_Glue_Lot_No":""}', '', '02-04-2024 11:44:09', ''),
('a61be24b-99cf-4d45-9bbb-3d0396e8ea7a', '6ce8f975-0ce3-4e40-a115-b75ff0b6b94b', 'Sun Simulator', '897d6163-e82b-11ee-b439-0ac93defbbf1', '{"Pmax":""}', '', '02-04-2024 11:44:09', ''),
('88b625f8-ed51-4b76-9874-a0826e7c125c', '6ce8f975-0ce3-4e40-a115-b75ff0b6b94b', 'Framing', '897d6163-e82b-11ee-b439-0ac93defbbf1', '{"Frame_Type":"","Frame_Size":"","Silicon_Glue_Lot_No":""}', '', '02-04-2024 11:44:09', ''),
('49177914-e476-4246-9a00-863e6264e9b9', '6ce8f975-0ce3-4e40-a115-b75ff0b6b94b', 'Tabbing & Stringing', '897d6163-e82b-11ee-b439-0ac93defbbf1', '{"Cell_Lot_No":"","Cell_Type":"","Cell_Size":"","Cell_Eff":"","Interconnect_Ribbon_Size":"","Busbar_Size":"","Flux":""}', '', '02-04-2024 11:44:09', ''),
('01efa38c-f292-4d79-ad50-0e3b59f17cbf', '6ce8f975-0ce3-4e40-a115-b75ff0b6b94b', 'Foil cutterr', '897d6163-e82b-11ee-b439-0ac93defbbf1', '{"EVA_Lot_No":"","EVA_Size":"","Backsheet_Lot":"","Backsheet_size":""}', '', '02-04-2024 11:44:09', ''),
('9136c0c8-6df0-4a93-84fa-8e5c3d1d3180', '131942f6-d812-4190-9b04-aea5c931ee52', 'Tabbing & Stringing', '897d6163-e82b-11ee-b439-0ac93defbbf1', '{"Cell_Lot_No":"","Cell_Type":"","Cell_Size":"","Cell_Eff":"","Interconnect_Ribbon_Size":"","Busbar_Size":"","Flux":""}', '', '02-04-2024 11:44:25', ''),
('42498c1a-79f3-4ac9-a6d6-303cb8a2e21b', '131942f6-d812-4190-9b04-aea5c931ee52', 'Glass Washing', '897d6163-e82b-11ee-b439-0ac93defbbf1', '{"Lot_No":"","size":""}', '', '02-04-2024 11:44:25', ''),
('79b52173-6247-4e9b-b31e-14228e38ff26', '131942f6-d812-4190-9b04-aea5c931ee52', 'Bussing/InterConnection', '897d6163-e82b-11ee-b439-0ac93defbbf1', '{"Cell_To_Cell_Gap":"","String_To_String_Gap":"","Soldering_Temp":""}', '', '02-04-2024 11:44:25', ''),
('15cd6ef2-a6a0-4090-ae71-ec94e30f9bf3', '131942f6-d812-4190-9b04-aea5c931ee52', 'Foil cutterr', '897d6163-e82b-11ee-b439-0ac93defbbf1', '{"EVA_Lot_No":"","EVA_Size":"","Backsheet_Lot":"","Backsheet_size":""}', '', '02-04-2024 11:44:25', ''),
('6bce8675-db6c-4038-83d5-68a948e29cfa', '131942f6-d812-4190-9b04-aea5c931ee52', 'Edge Triming', '897d6163-e82b-11ee-b439-0ac93defbbf1', '{"BackSheet_Cutting":null}', '', '02-04-2024 11:44:25', ''),
('2d47aa19-4e84-4a16-a9ca-cd0537e6301d', '131942f6-d812-4190-9b04-aea5c931ee52', 'Framing', '897d6163-e82b-11ee-b439-0ac93defbbf1', '{"Frame_Type":"","Frame_Size":"","Silicon_Glue_Lot_No":""}', '', '02-04-2024 11:44:25', ''),
('da0d82ea-701c-4ddb-9ca5-c2a50367dbe2', '131942f6-d812-4190-9b04-aea5c931ee52', 'J/B Assembly', '897d6163-e82b-11ee-b439-0ac93defbbf1', '{"JB_Lot_No":"","JB_Type":"","Silicon_Glue_Lot_No":""}', '', '02-04-2024 11:44:25', ''),
('54d9ed11-f585-4d9b-812d-b62b127f3e41', '131942f6-d812-4190-9b04-aea5c931ee52', 'Visual Inspection & Laminator', '897d6163-e82b-11ee-b439-0ac93defbbf1', '{"Temperature":"","Cycle_Time":"","Laminate_Quality":null}', '', '02-04-2024 11:44:25', ''),
('71efef29-3d69-4afe-bdc6-c28fd730e3d6', '131942f6-d812-4190-9b04-aea5c931ee52', 'Sun Simulator', '897d6163-e82b-11ee-b439-0ac93defbbf1', '{"Pmax":""}', '', '02-04-2024 11:44:25', ''),
('47e81922-6218-4360-a477-7661512ef7b1', '913bccee-f9dc-4a0e-bac7-5f07f2dfddca', 'Glass Washing', '897d6163-e82b-11ee-b439-0ac93defbbf1', '{"Lot_No":"","size":""}', '', '02-04-2024 11:44:54', ''),
('e49a22ad-31c5-4b7d-a2d5-74546ffe4391', '913bccee-f9dc-4a0e-bac7-5f07f2dfddca', 'Bussing/InterConnection', '897d6163-e82b-11ee-b439-0ac93defbbf1', '{"Cell_To_Cell_Gap":"","String_To_String_Gap":"","Soldering_Temp":""}', '', '02-04-2024 11:44:54', ''),
('4d303eaf-ec5b-462a-ba81-e3ebaa453787', '913bccee-f9dc-4a0e-bac7-5f07f2dfddca', 'Foil cutterr', '897d6163-e82b-11ee-b439-0ac93defbbf1', '{"EVA_Lot_No":"","EVA_Size":"","Backsheet_Lot":"","Backsheet_size":""}', '', '02-04-2024 11:44:54', ''),
('07eab30a-cdb2-42ac-96ed-3dce58792f56', '913bccee-f9dc-4a0e-bac7-5f07f2dfddca', 'Tabbing & Stringing', '897d6163-e82b-11ee-b439-0ac93defbbf1', '{"Cell_Lot_No":"","Cell_Type":"","Cell_Size":"","Cell_Eff":"","Interconnect_Ribbon_Size":"","Busbar_Size":"","Flux":""}', '', '02-04-2024 11:44:54', ''),
('a573de97-0087-4a63-b643-58272c6a032a', '913bccee-f9dc-4a0e-bac7-5f07f2dfddca', 'Visual Inspection & Laminator', '897d6163-e82b-11ee-b439-0ac93defbbf1', '{"Temperature":"","Cycle_Time":"","Laminate_Quality":null}', '', '02-04-2024 11:44:54', ''),
('d27a933c-b99b-4381-ba0d-600670eec33d', '913bccee-f9dc-4a0e-bac7-5f07f2dfddca', 'Edge Triming', '897d6163-e82b-11ee-b439-0ac93defbbf1', '{"BackSheet_Cutting":null}', '', '02-04-2024 11:44:54', ''),
('f6953fd6-1dd4-43a5-8ffe-74fbb686656d', '913bccee-f9dc-4a0e-bac7-5f07f2dfddca', 'Framing', '897d6163-e82b-11ee-b439-0ac93defbbf1', '{"Frame_Type":"","Frame_Size":"","Silicon_Glue_Lot_No":""}', '', '02-04-2024 11:44:54', ''),
('9d64af24-19cb-4ac8-9f32-bf35947a37de', '913bccee-f9dc-4a0e-bac7-5f07f2dfddca', 'Sun Simulator', '897d6163-e82b-11ee-b439-0ac93defbbf1', '{"Pmax":""}', '', '02-04-2024 11:44:54', ''),
('aff5bd64-432e-4876-b42c-6e6f65534024', '913bccee-f9dc-4a0e-bac7-5f07f2dfddca', 'J/B Assembly', '897d6163-e82b-11ee-b439-0ac93defbbf1', '{"JB_Lot_No":"","JB_Type":"","Silicon_Glue_Lot_No":""}', '', '02-04-2024 11:44:54', ''),
('422c85c3-0240-4539-a12f-b2f0a58208f2', '9e4e0dd9-9af3-42fa-948f-97c32f8432e9', 'Foil cutterr', '897d6163-e82b-11ee-b439-0ac93defbbf1', '{"EVA_Lot_No":"","EVA_Size":"","Backsheet_Lot":"","Backsheet_size":""}', '', '02-04-2024 11:49:49', ''),
('e55b4a03-20ac-48db-9a66-5d47ccf848f2', '9e4e0dd9-9af3-42fa-948f-97c32f8432e9', 'Glass Washing', '897d6163-e82b-11ee-b439-0ac93defbbf1', '{"Lot_No":"","size":""}', '', '02-04-2024 11:49:49', ''),
('7462755c-c680-43b7-9143-ed1996c80731', '9e4e0dd9-9af3-42fa-948f-97c32f8432e9', 'Tabbing & Stringing', '897d6163-e82b-11ee-b439-0ac93defbbf1', '{"Cell_Lot_No":"","Cell_Type":"","Cell_Size":"","Cell_Eff":"","Interconnect_Ribbon_Size":"","Busbar_Size":"","Flux":""}', '', '02-04-2024 11:49:49', ''),
('6e4bbb07-97c8-4c3e-b00d-141b24b5077a', '9e4e0dd9-9af3-42fa-948f-97c32f8432e9', 'Framing', '897d6163-e82b-11ee-b439-0ac93defbbf1', '{"Frame_Type":"","Frame_Size":"","Silicon_Glue_Lot_No":""}', '', '02-04-2024 11:49:49', ''),
('7b759639-21b0-4ebf-a524-7f1914a7a5aa', '9e4e0dd9-9af3-42fa-948f-97c32f8432e9', 'J/B Assembly', '897d6163-e82b-11ee-b439-0ac93defbbf1', '{"JB_Lot_No":"","JB_Type":"","Silicon_Glue_Lot_No":""}', '', '02-04-2024 11:49:49', ''),
('d93393e8-9ed2-4b9c-9db5-1fea942d505e', '9e4e0dd9-9af3-42fa-948f-97c32f8432e9', 'Visual Inspection & Laminator', '897d6163-e82b-11ee-b439-0ac93defbbf1', '{"Temperature":"","Cycle_Time":"","Laminate_Quality":null}', '', '02-04-2024 11:49:49', ''),
('bc7c2028-42a1-43dd-aef8-266552822614', '9e4e0dd9-9af3-42fa-948f-97c32f8432e9', 'Sun Simulator', '897d6163-e82b-11ee-b439-0ac93defbbf1', '{"Pmax":""}', '', '02-04-2024 11:49:49', ''),
('b226ac35-2052-4bb4-8c65-a810909e8bec', '9e4e0dd9-9af3-42fa-948f-97c32f8432e9', 'Bussing/InterConnection', '897d6163-e82b-11ee-b439-0ac93defbbf1', '{"Cell_To_Cell_Gap":"","String_To_String_Gap":"","Soldering_Temp":""}', '', '02-04-2024 11:49:49', ''),
('4d5bec84-b77b-46da-bfb4-c7a12cc7b1d4', '9e4e0dd9-9af3-42fa-948f-97c32f8432e9', 'Edge Triming', '897d6163-e82b-11ee-b439-0ac93defbbf1', '{"BackSheet_Cutting":null}', '', '02-04-2024 11:49:49', ''),
('9842dc4b-e398-48c6-ae99-a27ac8415394', 'de5a7d19-4b3a-495f-9901-539237017e5a', 'Tabbing & Stringing', '897d6163-e82b-11ee-b439-0ac93defbbf1', '{"Cell_Lot_No":"del","Cell_Type":"pol","Cell_Size":"lol","Cell_Eff":"ttt","Interconnect_Ribbon_Size":"rrr","Busbar_Size":"ddsdgh","Flux":"llhhg"}', 'sgnmm', '02-04-2024 11:53:26', ''),
('ed89621d-7bf3-411e-a38e-a46f324cdb68', 'de5a7d19-4b3a-495f-9901-539237017e5a', 'Glass Washing', '897d6163-e82b-11ee-b439-0ac93defbbf1', '{"Lot_No":"xhkl","size":"ddjkl"}', 'eyn b', '02-04-2024 11:53:26', ''),
('4ff0bd98-b079-4af6-ba75-ae5ae9e23372', 'de5a7d19-4b3a-495f-9901-539237017e5a', 'Bussing/InterConnection', '897d6163-e82b-11ee-b439-0ac93defbbf1', '{"Cell_To_Cell_Gap":"3578","String_To_String_Gap":"3333","Soldering_Temp":"sfhmm"}', 'kkkkk', '02-04-2024 11:53:26', ''),
('a719f743-a6bb-44bd-8e5c-f9fa7ba9f4d9', 'de5a7d19-4b3a-495f-9901-539237017e5a', 'Visual Inspection & Laminator', '897d6163-e82b-11ee-b439-0ac93defbbf1', '{"Temperature":"ttttt","Cycle_Time":"kkk","Laminate_Quality":true}', '888', '02-04-2024 11:53:26', ''),
('40c4927f-a725-4976-a580-a8742c99c14e', 'de5a7d19-4b3a-495f-9901-539237017e5a', 'Foil cutterr', '897d6163-e82b-11ee-b439-0ac93defbbf1', '{"EVA_Lot_No":"dhmlo ft","EVA_Size":"SL","Backsheet_Lot":"ek","Backsheet_size":"ubi"}', 'uber', '02-04-2024 11:53:26', ''),
('cce5842e-17cb-49f5-82ea-5568ba808e53', 'de5a7d19-4b3a-495f-9901-539237017e5a', 'Sun Simulator', '897d6163-e82b-11ee-b439-0ac93defbbf1', '{"Pmax":"chhjj"}', 'done data', '02-04-2024 11:53:26', ''),
('520a9364-e995-4cb1-ba8c-94f777c434ca', 'de5a7d19-4b3a-495f-9901-539237017e5a', 'Framing', '897d6163-e82b-11ee-b439-0ac93defbbf1', '{"Frame_Type":"sgnm","Frame_Size":"chb","Silicon_Glue_Lot_No":"555"}', '777', '02-04-2024 11:53:26', ''),
('31b5afef-9b7e-4007-9113-3a708b956483', 'de5a7d19-4b3a-495f-9901-539237017e5a', 'J/B Assembly', '897d6163-e82b-11ee-b439-0ac93defbbf1', '{"JB_Lot_No":"9999","JB_Type":"cvjn","Silicon_Glue_Lot_No":"cvbn"}', 'cgbn', '02-04-2024 11:53:26', ''),
('fa86f1da-468d-48b1-ab24-18dcf7a762bb', 'de5a7d19-4b3a-495f-9901-539237017e5a', 'Edge Triming', '897d6163-e82b-11ee-b439-0ac93defbbf1', '{"BackSheet_Cutting":false}', 'dhvbb', '02-04-2024 11:53:26', ''),
('5d67b939-2a30-4873-8dc8-37d0e758b3c1', 'ef6e9169-2752-4c2f-aa90-a3e095af540c', 'Glass Washing', '897d6163-e82b-11ee-b439-0ac93defbbf1', '{"Lot_No":"","size":""}', '', '02-04-2024 12:09:20', ''),
('93e6cfc6-6e23-4eb7-a253-40c79a72530a', 'ef6e9169-2752-4c2f-aa90-a3e095af540c', 'Foil cutterr', '897d6163-e82b-11ee-b439-0ac93defbbf1', '{"EVA_Lot_No":"","EVA_Size":"","Backsheet_Lot":"","Backsheet_size":""}', '', '02-04-2024 12:09:20', ''),
('e4378b3f-d27c-4175-b9d1-476006680f3e', 'ef6e9169-2752-4c2f-aa90-a3e095af540c', 'Sun Simulator', '897d6163-e82b-11ee-b439-0ac93defbbf1', '{"Pmax":""}', '', '02-04-2024 12:09:20', ''),
('21064eaa-060b-4765-a6f7-dd699419eff5', 'ef6e9169-2752-4c2f-aa90-a3e095af540c', 'Tabbing & Stringing', '897d6163-e82b-11ee-b439-0ac93defbbf1', '{"Cell_Lot_No":"","Cell_Type":"","Cell_Size":"","Cell_Eff":"","Interconnect_Ribbon_Size":"","Busbar_Size":"","Flux":""}', '', '02-04-2024 12:09:20', ''),
('971dfdc0-dd29-428d-9b0e-3cfe6a59bc57', 'ef6e9169-2752-4c2f-aa90-a3e095af540c', 'Edge Triming', '897d6163-e82b-11ee-b439-0ac93defbbf1', '{"BackSheet_Cutting":false}', '', '02-04-2024 12:09:20', ''),
('180dd166-fa2a-4f74-9240-d4416c62c65d', 'ef6e9169-2752-4c2f-aa90-a3e095af540c', 'Framing', '897d6163-e82b-11ee-b439-0ac93defbbf1', '{"Frame_Type":"","Frame_Size":"","Silicon_Glue_Lot_No":""}', '', '02-04-2024 12:09:20', ''),
('1ceb9137-8097-4524-8562-36309ed3726f', 'ef6e9169-2752-4c2f-aa90-a3e095af540c', 'J/B Assembly', '897d6163-e82b-11ee-b439-0ac93defbbf1', '{"JB_Lot_No":"","JB_Type":"","Silicon_Glue_Lot_No":""}', '', '02-04-2024 12:09:20', ''),
('8b7003a6-fba4-46e0-80a4-f3e85c02418d', 'ef6e9169-2752-4c2f-aa90-a3e095af540c', 'Visual Inspection & Laminator', '897d6163-e82b-11ee-b439-0ac93defbbf1', '{"Temperature":"","Cycle_Time":"","Laminate_Quality":false}', '', '02-04-2024 12:09:20', ''),
('74ce1fc3-1d75-43f4-8879-c5f9564f7558', 'ef6e9169-2752-4c2f-aa90-a3e095af540c', 'Bussing/InterConnection', '897d6163-e82b-11ee-b439-0ac93defbbf1', '{"Cell_To_Cell_Gap":"","String_To_String_Gap":"","Soldering_Temp":""}', '', '02-04-2024 12:09:20', ''),
('e0e4e4c7-2ef5-4e73-9bd2-9985da5eec23', 'a6b3b385-9dc1-4202-aead-f1378c2f09c8', 'Glass Washing', '897d6163-e82b-11ee-b439-0ac93defbbf1', '{"Lot_No":"gtts","size":"gagg"}', 'ggsvcsf', '03-04-2024 05:59:54', ''),
('405fbe4d-7acf-4f2f-b132-d4a15504dfd3', 'a6b3b385-9dc1-4202-aead-f1378c2f09c8', 'Bussing/InterConnection', '897d6163-e82b-11ee-b439-0ac93defbbf1', '{"Cell_To_Cell_Gap":"vagggy","String_To_String_Gap":"ffaggta","Soldering_Temp":"aggagga"}', 'gffd', '03-04-2024 05:59:54', ''),
('6fe3be41-67b1-4115-ba90-4372d77f7795', 'a6b3b385-9dc1-4202-aead-f1378c2f09c8', 'Tabbing & Stringing', '897d6163-e82b-11ee-b439-0ac93defbbf1', '{"Cell_Lot_No":"fsgsggt","Cell_Type":"tgsgg","Cell_Size":"fgsgg","Cell_Eff":"fagggs","Interconnect_Ribbon_Size":"fsggg","Busbar_Size":"gagvv","Flux":"gsttfs"}', 'vbshghs', '03-04-2024 05:59:54', ''),
('56da0460-25a8-43b2-9a85-c2fd82f96646', 'a6b3b385-9dc1-4202-aead-f1378c2f09c8', 'Sun Simulator', '897d6163-e82b-11ee-b439-0ac93defbbf1', '{"Pmax":"frddf"}', 'ddddddd', '03-04-2024 05:59:54', ''),
('8dc7b706-2bb0-4768-8d59-a07f816778d7', 'a6b3b385-9dc1-4202-aead-f1378c2f09c8', 'Foil cutterr', '897d6163-e82b-11ee-b439-0ac93defbbf1', '{"EVA_Lot_No":"ftsgsg","EVA_Size":"vgsh","Backsheet_Lot":"fgsvc","Backsheet_size":"vhshsga"}', 'sfghhjs', '03-04-2024 05:59:54', ''),
('5103b2be-9ecf-4750-8ad7-90e25a872eb6', 'a6b3b385-9dc1-4202-aead-f1378c2f09c8', 'J/B Assembly', '897d6163-e82b-11ee-b439-0ac93defbbf1', '{"JB_Lot_No":"ddsd","JB_Type":"derfgggg","Silicon_Glue_Lot_No":"fffdfd"}', 'drttg', '03-04-2024 05:59:54', ''),
('add8644d-1564-4142-8b09-7db972dc3fba', 'a6b3b385-9dc1-4202-aead-f1378c2f09c8', 'Visual Inspection & Laminator', '897d6163-e82b-11ee-b439-0ac93defbbf1', '{"Temperature":"dffff","Cycle_Time":"ffddf","Laminate_Quality":true}', 'ffgttt', '03-04-2024 05:59:54', ''),
('a1952cdf-9a66-4873-b664-e2c2bd41df9b', 'a6b3b385-9dc1-4202-aead-f1378c2f09c8', 'Framing', '897d6163-e82b-11ee-b439-0ac93defbbf1', '{"Frame_Type":"dfffg","Frame_Size":"ddfff","Silicon_Glue_Lot_No":"xxff"}', 'sssdgf', '03-04-2024 05:59:54', ''),
('0c076c8e-8e3b-48e9-8d97-a2378f2defaf', 'a6b3b385-9dc1-4202-aead-f1378c2f09c8', 'Edge Triming', '897d6163-e82b-11ee-b439-0ac93defbbf1', '{"BackSheet_Cutting":false}', 'dfghcff', '03-04-2024 05:59:54', '');

-- 
-- Dumping data for table IQCSolar
--
INSERT INTO IQCSolar VALUES
('e2f0694a-2b9b-4025-873a-a1f359a7c36e', '4603e44c-00f2-4b33-b208-5863eab326c8', 'Packaging', 'Packing (Make type and rating)', 'Visual Inspection', 'Whole Lot', 'PO/INVOICE', 'No Physical Damage / No Mismatch against PO/Invoice', '2', '[{"PackageSampleBarcode1":"rewq","PackageSampleTest1":true,"PackageSampleRemarks1":""},{"PackageSampleBarcode2":"ghj","PackageSampleTest2":false,"PackageSampleRemarks2":"uiop"}]', '03-04-2024 09:24:50', ''),
('682400a8-fba5-4ac1-9a4b-0ce2ed33a3ce', '4603e44c-00f2-4b33-b208-5863eab326c8', 'Visual', 'Color Variation, Cell Chip, Cell Crack, Grid Miss, Grid Line cut, Print Shift, Oxidation, Spot on cell', 'Verner Calliper/Measuring Scale', 'SIL S1 AQL 6.5', 'GSPL Technical Specification / Supplier COC', 'As GSPL Technical Specification / Acceptance Criteria', '1', '[{"VisualSampleBarcode1":"vbn","VisualSampleTest1":false,"VisualSampleRemarks1":"nbv"}]', '03-04-2024 09:24:51', ''),
('350d3e98-1ae1-4f66-ae8d-325edb65286f', '4603e44c-00f2-4b33-b208-5863eab326c8', 'Physical', 'Dimension(L X W X T)', 'Verner Calliper/Measuring Scale', 'SIL S1 AQL 6.5', 'GSPL Technical Specification / Supplier COC', 'COC', '2', '[{"PhysicalSampleBarcode1":"rtyhg","PhysicalSampleTest1":false,"PhysicalSampleRemarks1":"vbn"},{"PhysicalSampleBarcode2":"fff","PhysicalSampleTest2":false,"PhysicalSampleRemarks2":"gg"}]', '03-04-2024 09:24:51', ''),
('c47e1905-088d-4bc9-b39c-e9775268c6bc', '4603e44c-00f2-4b33-b208-5863eab326c8', 'FrontBus', 'Width', 'Verner Calliper/Measuring Scale', '5 Pcs / Lot', 'GSPL Technical Specification / Supplier COC', 'COC', '5', '[{"FrontbusSampleBarcode1":"ee","FrontbusSampleTest1":true,"FrontbusSampleRemarks1":""},{"FrontbusSampleBarcode2":"rr","FrontbusSampleTest2":true,"FrontbusSampleRemarks2":""},{"FrontbusSampleBarcode3":"yy","FrontbusSampleTest3":true,"FrontbusSampleRemarks3":""},{"FrontbusSampleBarcode4":"yuu","FrontbusSampleTest4":true,"FrontbusSampleRemarks4":""},{"FrontbusSampleBarcode5":"oo","FrontbusSampleTest5":true,"FrontbusSampleRemarks5":""}]', '03-04-2024 09:24:51', ''),
('6b145161-68f4-48ec-8962-f48f0237bf68', '4603e44c-00f2-4b33-b208-5863eab326c8', 'Verification', 'Electrical Paramiter', 'Cell Tester', 'SIL S1 AQL 6.5', 'GSPL Technical Specification', 'COC', '1', '[{"VerificationSampleBarcode1":"t","VerificationSampleTest1":true,"VerificationSampleRemarks1":""}]', '03-04-2024 09:24:51', ''),
('de2b6d5e-295b-4b2c-a5d8-4c5dc67a6446', '4603e44c-00f2-4b33-b208-5863eab326c8', 'Electrical', 'LID(Light Inducted Degradation)/Preconditioning', 'Sunsimulator', 'One Module per supplier(each month)', 'GSPL Technical Specification', 'COC', '1', '[{"ElectricalSampleBarcode1":"kk","ElectricalSampleTest1":true,"ElectricalSampleRemarks1":""}]', '03-04-2024 09:24:52', ''),
('65e10de9-692c-40ce-be24-4684118454cf', '4603e44c-00f2-4b33-b208-5863eab326c8', 'Performance', 'Soidering Peel Test', 'Peel Tester', '5 Cell/Lot', 'GSPL Technical Specification', '1 N to 2N-Cell Frontside 1N to 4N Cell Back side', '5', '[{"PerformanceSampleBarcode1":"r","PerformanceSampleTest1":false,"PerformanceSampleRemarks1":"t"},{"PerformanceSampleBarcode2":"ee","PerformanceSampleTest2":true,"PerformanceSampleRemarks2":""},{"PerformanceSampleBarcode3":"jj","PerformanceSampleTest3":true,"PerformanceSampleRemarks3":""},{"PerformanceSampleBarcode4":"kk","PerformanceSampleTest4":true,"PerformanceSampleRemarks4":""},{"PerformanceSampleBarcode5":"kk","PerformanceSampleTest5":true,"PerformanceSampleRemarks5":""}]', '03-04-2024 09:24:52', ''),
('4d2244b0-0cb4-4842-879c-7c85669f603a', '75e61f5a-95b1-4683-b340-c217bee8533a', 'Packaging', 'Packing (Make Type)', '', 'Whole Lot', 'PO/INVOICE', 'No Physical Damage / No Mismatch against PO/Invoice', '1', '[{"PackageSampleBarcode1":"gg","PackageSampleTest1":true,"PackageSampleRemarks1":""}]', '03-04-2024 09:10:42', ''),
('73b740e3-e31e-4758-95ad-2907f614cf7c', '75e61f5a-95b1-4683-b340-c217bee8533a', 'Visual', 'Scratch, Bubble, Rainbow, Warpage, Edge, Chipping, Corner, Cutting, Bow.', 'Verner Calliper/Measuring Scale', 'SIL S1 AQL 10', 'As Per GSPL Specification', 'GSPL Technical Specification', '3', '[{"VisualSampleBarcode1":"yy","VisualSampleTest1":true,"VisualSampleRemarks1":""},{"VisualSampleBarcode2":"ee","VisualSampleTest2":true,"VisualSampleRemarks2":""},{"VisualSampleBarcode3":"ee","VisualSampleTest3":true,"VisualSampleRemarks3":""}]', '03-04-2024 09:10:43', ''),
('ca04ef64-80e0-4a30-a034-72fd95cddbee', '75e61f5a-95b1-4683-b340-c217bee8533a', 'Physical', 'Dimension(L X W X T)', 'Measuring Tape', 'SIL S1 AQL 10', 'Data Sheet/GSPL Specification', 'As Per Data Sheet/COC', '1', '[{"PhysicalSampleBarcode1":"uu","PhysicalSampleTest1":true,"PhysicalSampleRemarks1":""}]', '03-04-2024 09:10:43', ''),
('b86340e5-f49f-4fcd-92ef-cce4155dadb9', '75e61f5a-95b1-4683-b340-c217bee8533a', 'FrontBus', 'Fragmentation Test', 'Fragmentation Tool', '1 Glass Per Lot', 'Data sheet/GSPL Specification', '>40 pcs per 25cm2 area', '1', '[{"FrontbusSampleBarcode1":"ss","FrontbusSampleTest1":false,"FrontbusSampleRemarks1":"jj"}]', '03-04-2024 09:10:43', ''),
('9c4b8003-2629-4cf9-a1dc-375eedc9b32a', '75e61f5a-95b1-4683-b340-c217bee8533a', 'Verification', 'Light Transmitance', 'As per Materal Data sheet', 'As per Materal Data sheet', 'As per COC', '>91.5%', '1', '[{"VerificationSampleBarcode1":"uyh","VerificationSampleTest1":true,"VerificationSampleRemarks1":""}]', '03-04-2024 09:10:43', ''),
('6cf4211d-f999-4fd5-8a06-ca8eb395de48', '75e61f5a-95b1-4683-b340-c217bee8533a', 'Electrical', 'Impact Resistance Test', '227 gram steel ball from 1', '1 Glass per lot', 'As per COC', 'GSPL Technical Specification/CO', '1', '[{"ElectricalSampleBarcode1":"rr","ElectricalSampleTest1":true,"ElectricalSampleRemarks1":""}]', '03-04-2024 09:10:44', ''),
('a170b3f2-5cb3-4387-bbd8-1ea9c36cd4a3', '94c65a75-caa7-4d7c-aea9-eec2bd471f27', 'Packaging', 'Packing (Make Type)', '', 'Whole Lot', 'PO/INVOICE', 'No Physical Damage / No Mismatch against PO/Invoice', '1', '[]', '03-04-2024 10:09:10', ''),
('500204ab-1d2e-4e77-9aa3-8108aa77b8f9', '94c65a75-caa7-4d7c-aea9-eec2bd471f27', 'Visual', 'Scratch, Bubble, Rainbow, Warpage, Edge, Chipping, Corner, Cutting, Bow.', 'Verner Calliper/Measuring Scale', 'SIL S1 AQL 10', 'As Per GSPL Specification', 'GSPL Technical Specification', '0', '[]', '03-04-2024 10:09:11', ''),
('f9a98a54-c4c9-4b09-9db2-f95659465b85', '94c65a75-caa7-4d7c-aea9-eec2bd471f27', 'Physical', 'Dimension(L X W X T)', 'Measuring Tape', 'SIL S1 AQL 10', 'Data Sheet/GSPL Specification', 'As Per Data Sheet/COC', '0', '[]', '03-04-2024 10:09:11', ''),
('f4d359a6-67d7-405b-9bdc-f6bd7f7de6d9', '94c65a75-caa7-4d7c-aea9-eec2bd471f27', 'FrontBus', 'Fragmentation Test', 'Fragmentation Tool', '1 Glass Per Lot', 'Data sheet/GSPL Specification', '>40 pcs per 25cm2 area', '0', '[]', '03-04-2024 10:09:11', ''),
('04f6c23e-31a1-4b2b-b322-06f679d83e80', '94c65a75-caa7-4d7c-aea9-eec2bd471f27', 'Verification', 'Light Transmitance', 'As per Materal Data sheet', 'As per Materal Data sheet', 'As per COC', '>91.5%', '0', '[]', '03-04-2024 10:09:12', ''),
('ce2224e8-c9f5-4742-bf42-47b950900b59', '94c65a75-caa7-4d7c-aea9-eec2bd471f27', 'Electrical', 'Impact Resistance Test', '227 gram steel ball from 1', '1 Glass per lot', 'As per COC', 'GSPL Technical Specification/CO', '0', '[]', '03-04-2024 10:09:12', '');

-- Table QCDev.ApprovalStatus does not contain any data (it is empty)

--
-- Restore previous SQL mode
--
/*!40101 SET SQL_MODE=@OLD_SQL_MODE */;

--
-- Enable foreign keys
--
/*!40014 SET FOREIGN_KEY_CHECKS = @OLD_FOREIGN_KEY_CHECKS */;